d,1143,22874,永豐餘 CN46125150,V1183
d,1143,563,現銷 CN46125151,C-01
d,1143,12065,艾洛創意 CN46125152,V3524
d,1143,8732,優景 CN46125153,V2686
d,1143,20337,澳萃 CN46125154,V2989
d,1143,6762,台益豐 CN46125155,V2222
d,1143,7350,宏庠 CN46125156,V2344
d,1143,7818,尚瑩 CN46125157,V3571
d,1143,250,現銷 CN46125158,C-01
d,1143,36590,現銷 CN46125159,C-01
d,1143,27300,暐世生物 CN46125160,V1108
d,1143,6335,翊珞濰 CN46125161,V3064
d,1143,3980,羅東肥皂 CN46125162,V3157
d,1143,22680,達邡化工 CN46125163,V2897
d,1143,329,伯慶 CN46125164,V1288
d,1143,131174,永茂 CN46125165,V2464
c,2214,1089,永豐餘 CN46125150,
c,2214,27,現銷 CN46125151,
c,2214,575,艾洛創意 CN46125152,
c,2214,416,優景 CN46125153,
c,2214,968,澳萃 CN46125154,
c,2214,322,台益豐 CN46125155,
c,2214,350,宏庠 CN46125156,
c,2214,372,尚瑩 CN46125157,
c,2214,12,現銷 CN46125158,
c,2214,1742,現銷 CN46125159,
c,2214,1300,暐世生物 CN46125160,
c,2214,301,翊珞濰 CN46125161,
c,2214,190,羅東肥皂 CN46125162,
c,2214,1080,達邡化工 CN46125163,
c,2214,16,伯慶 CN46125164,
c,2214,6246,永茂 CN46125165,
c,4111-0001,21785,永豐餘 CN46125150,
c,4111-0001,536,現銷 CN46125151,
c,4111-0001,11490,艾洛創意 CN46125152,
c,4111-0001,8316,優景 CN46125153,
c,4111-0001,19369,澳萃 CN46125154,
c,4111-0001,6440,台益豐 CN46125155,
c,4111-0001,7000,宏庠 CN46125156,
c,4111-0001,7446,尚瑩 CN46125157,
c,4111-0001,238,現銷 CN46125158,
c,4111-0001,34848,現銷 CN46125159,
c,4111-0001,26000,暐世生物 CN46125160,
c,4111-0001,6034,翊珞濰 CN46125161,
c,4111-0001,3790,羅東肥皂 CN46125162,
c,4111-0001,21600,達邡化工 CN46125163,
c,4111-0001,313,伯慶 CN46125164,
c,4111-0001,124928,永茂 CN46125165,
